{"cameraMode":{"drawMode":0,"name":"Shaded","section":"Shading Mode"},"sceneLighting":false,"audioPlay":false,"sceneViewState":{"showFog":true,"showMaterialUpdate":false,"showSkybox":false,"showFlares":true,"showImageEffects":true,"showParticleSystems":true},"in2DMode":false,"pivot":{"x":0.018292725086212159,"y":0.7939316034317017,"z":33.03700256347656},"rotation":{"x":-0.000022064734366722405,"y":-1.0000187158584595,"z":0.013811794109642506,"w":0.0006908255163580179},"size":0.9025166630744934,"orthographic":false}