{"cameraMode":{"drawMode":0,"name":"Shaded","section":"Shading Mode"},"sceneLighting":true,"audioPlay":false,"sceneViewState":{"showFog":true,"showMaterialUpdate":false,"showSkybox":true,"showFlares":true,"showImageEffects":true,"showParticleSystems":true},"in2DMode":false,"pivot":{"x":-0.07494513690471649,"y":0.22342458367347718,"z":33.35504913330078},"rotation":{"x":-0.05128929018974304,"y":0.006829345133155584,"z":-0.0003317604132462293,"w":-0.9987433552742004},"size":1.5851054191589356,"orthographic":true}